Pais,Anio,Emision_anual_de_CO2,Consumo_de_combustibles_fosiles,Average surface temperature
Australia,1970,147862780,"539,19385","21,896845"
Australia,1971,151117890,"563,9407","21,555687"
Australia,1972,153598260,"591,0382","21,982270"
Australia,1973,170141920,"631,9479","22,037512"
Australia,1974,166182740,"669,5066","20,584202"
Australia,1975,173101520,"678,3161","21,228804"
Australia,1976,169803060,"705,69037","20,955015"
Australia,1977,181912910,"744,54974","21,645136"
Australia,1978,191051580,"766,5332","21,344397"
Australia,1979,192321940,"797,83167","22,050299"
Australia,1980,204370200,"803,1974","22,476896"
Australia,1981,213809920,"815,50165","21,975897"
Australia,1982,218000900,"810,51056","21,816086"
Australia,1983,207645390,"804,34625","22,079447"
Australia,1984,217514610,"831,13434","21,377413"
Australia,1985,224557460,"853,61554","21,955000"
Australia,1986,224040290,"869,46875","21,988586"
Australia,1987,234598320,"895,7819","21,950060"
Australia,1988,240737040,"936,594","22,466513"
Australia,1989,256838110,"984,97925","21,693398"
Australia,1990,278061000,"1005,01117","22,241304"
Australia,1991,279437380,"995,33966","22,329748"
Australia,1992,284433440,"1011,1069","21,666819"
Australia,1993,288780400,"1033,7987","21,976034"
Australia,1994,293613280,"1075,5049","22,029740"
Australia,1995,304962300,"1105,3599","21,740072"
Australia,1996,311850880,"1137,8004","22,214340"
Australia,1997,320242530,"1166,8213","21,928260"
Australia,1998,334037800,"1196,0067","22,450620"
Australia,1999,343876200,"1245,3375","21,750826"
Australia,2000,349897630,"1253,1943","21,287556"
Australia,2001,357667780,"1264,4698","21,458199"
Australia,2002,362424930,"1288,9951","22,310005"
Australia,2003,370784420,"1306,2241","22,224907"
Australia,2004,382004900,"1347,7529","22,078050"
Australia,2005,385081500,"1349,514","22,727583"
Australia,2006,391372540,"1408,5713","22,045454"
Australia,2007,398896260,"1446,271","22,272028"
Australia,2008,404279300,"1475,3569","22,009054"
Australia,2009,406977100,"1450,3665","22,494513"
Australia,2010,405025950,"1443,7646","21,751925"
Australia,2011,403874400,"1469,9421","21,347992"
Australia,2012,405005120,"1448,7358","21,739702"
Australia,2013,397849900,"1454,2837","22,897362"
Australia,2014,392609600,"1472,9941","22,594900"
Australia,2015,400589200,"1501,1394","22,506400"
Australia,2016,409666340,"1491,7903","22,401682"
Australia,2017,413407840,"1494,3191","22,474947"
Australia,2018,414780580,"1491,3997","22,603178"
Australia,2019,414925300,"1531,1896","23,126204"
Australia,2020,398546900,"1413,4504","22,580719"
Australia,2021,388472300,"1383,9531","21,964605"
Australia,2022,384078430,"1429,6251","21,874098"
Australia,2023,384316060,"1407,3069","22,426826"
Australia,2024,386732380,"1413,3969","22,790445"
Brazil,1970,93466984,"343,1777","24,463675"
Brazil,1971,102313960,"372,7313","23,952879"
Brazil,1972,113992010,"426,18042","24,452177"
Brazil,1973,132029210,"510,66965","24,519325"
Brazil,1974,142980540,"562,2753","23,835920"
Brazil,1975,150287150,"582,8163","23,991670"
Brazil,1976,154561870,"627,01337","24,030891"
Brazil,1977,162313580,"653,83795","24,352036"
Brazil,1978,177060600,"717,5555","24,188026"
Brazil,1979,187727740,"755,3806","24,233805"
Brazil,1980,186127380,"751,63617","24,495901"
Brazil,1981,171261920,"710,3281","24,372345"
Brazil,1982,171439150,"731,466","24,493782"
Brazil,1983,165851310,"701,3342","24,779867"
Brazil,1984,167524240,"726,32733","24,384748"
Brazil,1985,180064830,"767,7744","24,154213"
Brazil,1986,197183400,"823,0752","24,336820"
Brazil,1987,205911790,"848,22943","24,945023"
Brazil,1988,207640260,"869,938","24,560500"
Brazil,1989,212015970,"880,15173","24,235071"
Brazil,1990,218657680,"859,2709","24,647757"
Brazil,1991,229393580,"888,1356","24,552994"
Brazil,1992,233600860,"897,35315","24,503748"
Brazil,1993,244305540,"940,2603","24,676900"
Brazil,1994,254002260,"988,349","24,696066"
Brazil,1995,268677540,"1050,2279","24,780680"
Brazil,1996,289310900,"1126,5142","24,550446"
Brazil,1997,306949060,"1205,2446","24,866339"
Brazil,1998,317359420,"1258,3861","25,356539"
Brazil,1999,327255650,"1279,368","24,581001"
Brazil,2000,340182820,"1346,8123","24,468048"
Brazil,2001,346165730,"1377,541","24,788582"
Brazil,2002,347764960,"1368,4822","25,190690"
Brazil,2003,344644930,"1351,8254","24,974861"
Brazil,2004,361434020,"1425,7623","24,848555"
Brazil,2005,364370560,"1446,6989","25,171263"
Brazil,2006,368870940,"1481,5897","24,939947"
Brazil,2007,390573440,"1551,8441","25,135178"
Brazil,2008,412637860,"1645,6338","24,786936"
Brazil,2009,389775330,"1561,6267","25,011078"
Brazil,2010,440269060,"1753,8448","25,333456"
Brazil,2011,461911330,"1826,8772","24,892649"
Brazil,2012,497468200,"1951,5303","25,170889"
Brazil,2013,531568830,"2073,4927","25,060377"
Brazil,2014,556525500,"2151,1353","25,171837"
Brazil,2015,528173540,"2089,39","25,683662"
Brazil,2016,491744830,"1935,6086","25,564200"
Brazil,2017,497254560,"1960,4471","25,381369"
Brazil,2018,476600540,"1867,5176","25,092575"
Brazil,2019,476723740,"1872,509","25,529654"
Brazil,2020,447999400,"1734,1833","25,193413"
Brazil,2021,496562000,"1939,3363","24,974846"
Brazil,2022,480058300,"1872,7915","24,793740"
Brazil,2023,483991940,"1883,2297","25,542206"
Brazil,2024,483011550,"1889,1785","25,789710"
Canada,1970,341232200,"1398,0115","-4,971915"
Canada,1971,352316700,"1434,6423","-4,778655"
Canada,1972,380813660,"1516,706","-6,767322"
Canada,1973,381298850,"1633,6702","-4,010936"
Canada,1974,389631550,"1658,759","-5,585841"
Canada,1975,396790430,"1654,5682","-4,906509"
Canada,1976,398965920,"1716,3948","-4,775705"
Canada,1977,407790500,"1806,4119","-3,844605"
Canada,1978,415532320,"1796,4231","-5,319194"
Canada,1979,441684060,"1833,9663","-4,942274"
Canada,1980,442843200,"1856,9854","-4,342841"
Canada,1981,429622400,"1789,4171","-2,742507"
Canada,1982,414454880,"1736,721","-5,738543"
Canada,1983,408334850,"1669,3005","-4,619453"
Canada,1984,425237000,"1764,493","-4,464080"
Canada,1985,421726000,"1782,3146","-4,783962"
Canada,1986,404715230,"1758,2021","-4,779742"
Canada,1987,430982050,"1815,9829","-3,231089"
Canada,1988,455672830,"1944,692","-4,076150"
Canada,1989,462888830,"2032,3704","-4,940269"
Canada,1990,458017860,"1916,0156","-4,969122"
Canada,1991,449776450,"1860,1796","-4,312026"
Canada,1992,463392770,"1928,2595","-4,911989"
Canada,1993,464071580,"1946,971","-4,369842"
Canada,1994,478467870,"2009,356","-4,284362"
Canada,1995,491305340,"2095,3997","-4,188450"
Canada,1996,507775200,"2139,88","-4,826654"
Canada,1997,522018700,"2201,377","-4,171004"
Canada,1998,529614820,"2231,2104","-2,514355"
Canada,1999,543859500,"2293,156","-3,228509"
Canada,2000,566679900,"2356,5771","-4,047199"
Canada,2001,558980600,"2350,0083","-3,030084"
Canada,2002,564256200,"2428,9885","-4,271507"
Canada,2003,581190400,"2495,393","-3,718209"
Canada,2004,576286400,"2508,973","-4,764981"
Canada,2005,570396100,"2473,3806","-3,165136"
Canada,2006,566315400,"2362,242","-2,272515"
Canada,2007,589956200,"2582,263","-3,947485"
Canada,2008,574214340,"2508,4846","-4,148065"
Canada,2009,541129860,"2394,7827","-3,972043"
Canada,2010,554307460,"2477,27","-1,689738"
Canada,2011,562832450,"2538,5256","-3,394210"
Canada,2012,561769540,"2520,9883","-2,937550"
Canada,2013,568589700,"2576,7551","-3,977380"
Canada,2014,564938240,"2602,08","-4,110524"
Canada,2015,563002560,"2597,8538","-3,511014"
Canada,2016,553707000,"2535,2996","-2,647904"
Canada,2017,566660300,"2567,7212","-3,214119"
Canada,2018,575090750,"2651,6787","-4,208143"
Canada,2019,579007040,"2645,248","-3,619446"
Canada,2020,524207940,"2413,2302","-3,555461"
Canada,2021,537478660,"2461,1836","-2,753712"
Canada,2022,547657660,"2532,1912","-3,573582"
Canada,2023,545478500,"2538,3286","-1,805844"
Canada,2024,533340100,"2575,6956","-1,745485"
China,1970,807963650,"2290,621","5,939470"
China,1971,909209860,"2714,1492","6,188347"
China,1972,968635800,"2921,401","6,127798"
China,1973,1008268600,"3077,9963","6,498521"
China,1974,1028063500,"3163,5293","6,092701"
China,1975,1183153500,"3551,4854","6,560354"
China,1976,1226339500,"3744,1455","5,915623"
China,1977,1340715300,"4088,7341","6,130463"
China,1978,1492517500,"4504,2134","6,445220"
China,1979,1525417300,"4628,2466","6,428626"
China,1980,1494297900,"4655,3745","6,329942"
China,1981,1476280000,"4570,128","6,357560"
China,1982,1606239100,"4756,829","6,562245"
China,1983,1693746700,"5042,1646","6,269985"
China,1984,1844212700,"5428,434","6,050337"
China,1985,1997193300,"5877,182","6,108601"
China,1986,2103429900,"6164,527","6,270081"
China,1987,2256629500,"6654,4683","6,755579"
China,1988,2424444200,"7144,3037","6,711441"
China,1989,2462150000,"7486,3022","6,592942"
China,1990,2483534300,"7563,273","6,978855"
China,1991,2619143400,"7968,69","6,671934"
China,1992,2731290400,"8386,551","6,402998"
China,1993,2914284500,"9003,102","6,539381"
China,1994,3093890800,"9509,277","7,148883"
China,1995,3351197200,"9741,276","6,808303"
China,1996,3499310600,"10305,78","6,488123"
China,1997,3512350000,"10351,442","6,827494"
China,1998,3355336000,"10363,471","7,592323"
China,1999,3549949000,"10752,908","7,429342"
China,2000,3643809500,"11085,26","6,785953"
China,2001,3724114200,"11595,462","7,180119"
China,2002,4098180600,"12657,191","7,314819"
China,2003,4835251700,"14859,568","7,105787"
China,2004,5210961400,"17332,893","7,282019"
China,2005,5881990700,"19713,346","6,944292"
China,2006,6486184400,"21612,988","7,518627"
China,2007,6974663000,"23448,26","7,721657"
China,2008,7492404000,"23943,34","7,184832"
China,2009,7881491000,"25087,559","7,395186"
China,2010,8610048000,"26643,773","7,176935"
China,2011,9520154000,"28885,965","6,913705"
China,2012,9767310000,"29585,432","6,633854"
China,2013,9942371000,"30528,387","7,388418"
China,2014,9976027000,"30830,852","7,311995"
China,2015,9858040000,"30885,834","7,660294"
China,2016,9748175000,"30593,77","7,763681"
China,2017,10000013000,"31511,137","7,772824"
China,2018,10346790000,"32720,148","7,425072"
China,2019,10713515000,"33897,516","7,570721"
China,2020,10896520000,"34728,39","7,606333"
China,2021,11284401000,"36292,25","7,823129"
China,2022,11711807000,"36372,65","7,784602"
China,2023,12172008000,"38320,816","7,972056"
China,2024,12289037000,"38907,273","8,343701"
France,1970,463946460,"1643,4277","12,432178"
France,1971,497045800,"1720,0192","12,301757"
France,1972,517593100,"1827,3511","12,112389"
France,1973,542646300,"2003,8241","12,298697"
France,1974,524736700,"1938,3339","12,554234"
France,1975,486023100,"1800,0845","12,418812"
France,1976,527371840,"1961,6698","12,765880"
France,1977,511269060,"1916,6409","12,571994"
France,1978,532682500,"1985,2029","12,166846"
France,1979,536053000,"2028,1571","12,201298"
France,1980,514509470,"1943,2689","11,967956"
France,1981,462596380,"1776,0688","12,581608"
France,1982,443395520,"1687,8794","13,085629"
France,1983,426039200,"1640,2384","12,915580"
France,1984,414655870,"1596,5205","12,227596"
France,1985,407801860,"1591,1993","11,983864"
France,1986,392871740,"1560,926","12,286922"
France,1987,390134660,"1560,5654","12,458199"
France,1988,387601180,"1547,7413","13,065243"
France,1989,401469220,"1587,0985","13,509983"
France,1990,394904320,"1593,2252","13,491197"
France,1991,419118720,"1716,9539","12,506462"
France,1992,408433000,"1686,8058","12,890327"
France,1993,388889700,"1610,5801","12,615693"
France,1994,381903100,"1562,3165","13,695335"
France,1995,386958820,"1608,3944","13,368820"
France,1996,403351940,"1679,2292","12,478745"
France,1997,396023140,"1642,9521","13,567780"
France,1998,414357000,"1741,2222","13,110737"
France,1999,413070240,"1732,6372","13,388192"
France,2000,407444640,"1730,3064","13,505878"
France,2001,411591650,"1723,0657","13,208331"
France,2002,407026600,"1703,3439","13,596734"
France,2003,412989100,"1738,0469","13,906772"
France,2004,414073000,"1751,3274","13,194800"
France,2005,416342900,"1744,2668","13,188999"
France,2006,406669020,"1713,0304","13,700684"
France,2007,396461200,"1678,6733","13,411831"
France,2008,389794300,"1664,647","13,104882"
France,2009,371404200,"1586,6134","13,529804"
France,2010,377079400,"1613,4707","12,611843"
France,2011,355126820,"1517,9016","14,108528"
France,2012,358100260,"1513,171","13,360692"
France,2013,360013340,"1516,7815","12,958579"
France,2014,327808770,"1375,717","14,144451"
France,2015,332131000,"1412,4532","13,994941"
France,2016,335496400,"1432,8115","13,606183"
France,2017,338368030,"1458,2302","13,771838"
France,2018,323101730,"1408,24","14,222922"
France,2019,316320800,"1388,4412","14,081471"
France,2020,281515500,"1197,5148","14,505009"
France,2021,307271840,"1296,5054","13,359397"
France,2022,295303800,"1240,2965","14,760943"
France,2023,270262660,"1166,8462","14,677829"
France,2024,264155620,"1144,7241","14,195033"
Germany,1970,1025802500,"3537,806","7,936708"
Germany,1971,1037079230,"3582,9365","8,706584"
Germany,1972,1041356400,"3700,9019","8,060699"
Germany,1973,1085602800,"3904,6082","8,461123"
Germany,1974,1062510850,"3821,4084","9,043178"
Germany,1975,1002285760,"3642,042","9,095744"
Germany,1976,1090807700,"3888,0806","8,710317"
Germany,1977,1052513300,"3834,1592","8,871465"
Germany,1978,1079066600,"3969,184","7,954416"
Germany,1979,1117745500,"4176,2085","7,820665"
Germany,1980,1099901200,"4018,834","7,751650"
Germany,1981,1048362200,"3856,6355","8,313390"
Germany,1982,1015499600,"3687,1987","8,932036"
Germany,1983,1011436300,"3736,7585","9,043894"
Germany,1984,1033017500,"3811,1025","7,977511"
Germany,1985,1043912800,"3840,2314","7,457761"
Germany,1986,1047233800,"3824,398","7,931454"
Germany,1987,1032266940,"3824,256","7,444302"
Germany,1988,1028701630,"3796,1597","9,103237"
Germany,1989,1008565250,"3741,8384","9,514782"
Germany,1990,1054795900,"3703,8672","9,488831"
Germany,1991,1016929540,"3620,4028","8,299270"
Germany,1992,969464450,"3497,78","9,311393"
Germany,1993,959385860,"3492,7603","8,458947"
Germany,1994,943227650,"3456,3516","9,750027"
Germany,1995,939933600,"3462,4426","8,959167"
Germany,1996,959690100,"3578,19","7,220112"
Germany,1997,931508100,"3496,779","8,936277"
Germany,1998,923498700,"3481,88","9,084323"
Germany,1999,895442050,"3392,88","9,516966"
Germany,2000,898975740,"3391,7764","9,902544"
Germany,2001,915254800,"3460,3813","9,038270"
Germany,2002,898834300,"3408,0566","9,605247"
Germany,2003,894501100,"3405,0566","9,481328"
Germany,2004,876569860,"3366,8105","9,054963"
Germany,2005,867880500,"3308,2554","9,144754"
Germany,2006,886434300,"3360,6174","9,698983"
Germany,2007,846152960,"3214,1074","10,024604"
Germany,2008,856642500,"3225,8838","9,648930"
Germany,2009,789983940,"3018,4321","9,349814"
Germany,2010,826704700,"3134,5288","8,006869"
Germany,2011,804541600,"3032,6692","9,798554"
Germany,2012,814093000,"3052,564","9,237489"
Germany,2013,831745540,"3147,4043","8,840346"
Germany,2014,792583600,"2963,1633","10,468690"
Germany,2015,800822500,"2981,134","10,070582"
Germany,2016,797988300,"3060,6611","9,678044"
Germany,2017,784595140,"3122,243","9,709258"
Germany,2018,758771400,"3002,1672","10,607099"
Germany,2019,708648960,"2868,0757","10,416997"
Germany,2020,647176800,"2609,1792","10,541353"
Germany,2021,677997700,"2749,067","9,241366"
Germany,2022,667843000,"2639,5503","10,615905"
Germany,2023,593766000,"2380,9058","10,706231"
Germany,2024,572319170,"2400,4922","10,952907"
India,1970,181723860,"670,0288","23,705942"
India,1971,191964860,"692,9109","23,311172"
India,1972,203037040,"737,42224","24,013382"
India,1973,209096030,"745,7451","24,050018"
India,1974,215854050,"800,70306","23,815836"
India,1975,234209710,"848,6299","23,449295"
India,1976,244749840,"889,2078","23,821050"
India,1977,258962060,"939,18286","23,893166"
India,1978,263149940,"948,44336","23,598825"
India,1979,276285000,"1016,1242","24,244698"
India,1980,291714430,"1047,7122","24,205130"
India,1981,314969280,"1167,5795","23,725878"
India,1982,325383070,"1182,495","23,735601"
India,1983,352204860,"1254,2588","23,512537"
India,1984,361568800,"1330,7185","23,719175"
India,1985,397601120,"1418,2611","24,014442"
India,1986,426318050,"1525,8998","23,844370"
India,1987,455354720,"1642,9736","24,293200"
India,1988,491700100,"1783,563","24,204910"
India,1989,540661900,"1944,6183","23,657730"
India,1990,577986560,"2086,0107","23,640028"
India,1991,615388160,"2193,0867","23,879220"
India,1992,655423550,"2326,79","23,786295"
India,1993,677262100,"2388,339","23,925177"
India,1994,714042800,"2504,123","23,809832"
India,1995,760480200,"2713,7434","24,025053"
India,1996,823602200,"2848,561","23,924788"
India,1997,857975740,"3009,7446","23,493256"
India,1998,875783360,"3162,5955","24,171572"
India,1999,961193860,"3257,3604","24,057663"
India,2000,987065100,"3442,303","23,941797"
India,2001,1001198400,"3462,3264","24,018225"
India,2002,1032750340,"3602,5764","24,381563"
India,2003,1068397950,"3739,9463","24,123490"
India,2004,1134611000,"3977,0764","24,167746"
India,2005,1195393300,"4249,498","24,089312"
India,2006,1293321500,"4440,6763","24,340470"
India,2007,1393485200,"4815,8564","24,218033"
India,2008,1490366500,"5139,8975","23,986720"
India,2009,1613327600,"5566,1367","24,703722"
India,2010,1678529500,"5786,5786","24,658434"
India,2011,1765694800,"6017,4873","24,010880"
India,2012,1926986400,"6396,4785","24,120453"
India,2013,1995337200,"6565,5776","23,933027"
India,2014,2148052000,"7011,583","24,162430"
India,2015,2231817500,"7264,577","24,441114"
India,2016,2352540200,"7609,864","24,822632"
India,2017,2425721900,"7861,3516","24,683939"
India,2018,2595227100,"8266,076","24,487251"
India,2019,2611174700,"8373,468","24,450323"
India,2020,2422732000,"7856,1255","24,162790"
India,2021,2675778000,"8565,351","24,260620"
India,2022,2831131600,"8948,373","24,436960"
India,2023,3062756400,"9696,803","24,442795"
India,2024,3193478100,"10111,388","24,738352"
Pakistan,1970,20504408,"94,31351","20,257544"
Pakistan,1971,19440704,"86,08908","20,221262"
Pakistan,1972,18903050,"77,08459","19,297500"
Pakistan,1973,20008478,"82,0584","19,915500"
Pakistan,1974,21387398,"89,53542","19,641495"
Pakistan,1975,23187848,"92,569435","19,306587"
Pakistan,1976,22788524,"93,277565","19,501635"
Pakistan,1977,24319874,"99,94885","20,357422"
Pakistan,1978,26050556,"104,34914","19,871475"
Pakistan,1979,28134454,"114,32906","19,722225"
Pakistan,1980,31931550,"128,24297","20,436275"
Pakistan,1981,34232830,"138,45956","20,166690"
Pakistan,1982,37189620,"152,03407","19,334100"
Pakistan,1983,40022190,"159,60776","19,351690"
Pakistan,1984,42557330,"169,57524","19,833060"
Pakistan,1985,46813544,"178,54852","20,214445"
Pakistan,1986,49058620,"192,92155","19,562464"
Pakistan,1987,52988736,"210,10388","20,442936"
Pakistan,1988,57607376,"224,25258","20,896894"
Pakistan,1989,60316616,"240,32639","19,563960"
Pakistan,1990,67827370,"253,7853","20,370970"
Pakistan,1991,67477100,"268,44656","19,674059"
Pakistan,1992,72014920,"279,48465","19,454803"
Pakistan,1993,77175720,"310,30283","20,361988"
Pakistan,1994,84018296,"324,0593","19,814047"
Pakistan,1995,83614360,"341,93817","19,797316"
Pakistan,1996,93542460,"363,1733","19,801420"
Pakistan,1997,93788160,"367,0591","19,304743"
Pakistan,1998,96740740,"381,44623","20,539999"
Pakistan,1999,99389330,"409,9069","20,612598"
Pakistan,2000,103939720,"426,19287","20,598352"
Pakistan,2001,105400680,"432,74802","20,768238"
Pakistan,2002,110566250,"446,1363","21,011120"
Pakistan,2003,113141820,"474,271","20,357298"
Pakistan,2004,124636830,"533,24536","21,133383"
Pakistan,2005,129947430,"546,45953","19,933496"
Pakistan,2006,137911580,"586,63464","21,031150"
Pakistan,2007,148349010,"621,1898","20,590502"
Pakistan,2008,147901400,"637,138","20,391516"
Pakistan,2009,148354980,"658,2393","20,729372"
Pakistan,2010,147503980,"659,92236","20,977910"
Pakistan,2011,149488300,"658,4216","20,563166"
Pakistan,2012,150555070,"664,95123","19,983562"
Pakistan,2013,148183040,"677,6111","20,465580"
Pakistan,2014,150809500,"684,9629","20,147833"
Pakistan,2015,144895550,"727,0184","20,441286"
Pakistan,2016,176740980,"788,9259","21,315624"
Pakistan,2017,211980740,"841,00464","21,083208"
Pakistan,2018,203499680,"853,3108","21,191946"
Pakistan,2019,190825870,"843,03674","20,378199"
Pakistan,2020,215509550,"819,5201","20,339790"
Pakistan,2021,243552350,"915,0253","21,107231"
Pakistan,2022,211969710,"814,5364","21,193624"
Pakistan,2023,186860880,"731,5221","20,839470"
Pakistan,2024,179800380,"714,9667","21,131208"
United Kingdom,1970,652584700,"2463,8208","8,649644"
United Kingdom,1971,660395600,"2415,708","9,078826"
United Kingdom,1972,648033600,"2447,364","8,468408"
United Kingdom,1973,659584400,"2576,2922","8,717746"
United Kingdom,1974,617187260,"2425,7524","8,730682"
United Kingdom,1975,603254400,"2290,8157","9,046558"
United Kingdom,1976,598533300,"2321,3552","9,054206"
United Kingdom,1977,604369000,"2357,6965","8,611785"
United Kingdom,1978,604728060,"2379,5312","8,508410"
United Kingdom,1979,644509200,"2492,6152","7,791887"
United Kingdom,1980,579039040,"2264,3804","8,532035"
United Kingdom,1981,560547140,"2194,3872","8,397843"
United Kingdom,1982,548229400,"2146,985","9,052726"
United Kingdom,1983,545474100,"2139,3247","9,142603"
United Kingdom,1984,529097200,"2126,8342","8,987593"
United Kingdom,1985,559634600,"2205,6729","8,144584"
United Kingdom,1986,568568640,"2275,3152","7,985724"
United Kingdom,1987,571649300,"2283,817","8,358200"
United Kingdom,1988,570279040,"2291,183","9,074051"
United Kingdom,1989,581561500,"2271,0198","9,599486"
United Kingdom,1990,601945100,"2304,7698","9,672980"
United Kingdom,1991,609412700,"2345,4155","8,741015"
United Kingdom,1992,593845950,"2308,4873","9,000581"
United Kingdom,1993,579612540,"2303,9944","8,653447"
United Kingdom,1994,574016900,"2272,3254","9,233439"
United Kingdom,1995,566158900,"2279,9531","9,511142"
United Kingdom,1996,586760700,"2390,419","8,546051"
United Kingdom,1997,562708160,"2329,8015","9,785897"
United Kingdom,1998,568543700,"2343,1265","9,501587"
United Kingdom,1999,561649600,"2340,038","9,690865"
United Kingdom,2000,569033660,"2392,5193","9,423863"
United Kingdom,2001,577970560,"2408,6265","9,107518"
United Kingdom,2002,560273200,"2350,8933","9,734187"
United Kingdom,2003,571618750,"2388,9226","9,737461"
United Kingdom,2004,573429760,"2426,1987","9,701168"
United Kingdom,2005,570338370,"2436,0947","9,655910"
United Kingdom,2006,567845600,"2415,4924","9,939496"
United Kingdom,2007,559566460,"2370,0725","9,807910"
United Kingdom,2008,544932400,"2342,8066","9,267700"
United Kingdom,2009,494107700,"2162,27","9,387999"
United Kingdom,2010,511904580,"2231,3162","8,228692"
United Kingdom,2011,469713300,"2045,831","9,875453"
United Kingdom,2012,487476770,"2069,3523","8,953001"
United Kingdom,2013,477611260,"2038,4858","8,982051"
United Kingdom,2014,438807070,"1890,7249","10,129436"
United Kingdom,2015,422460800,"1847,7625","9,443027"
United Kingdom,2016,399430140,"1814,0117","9,547414"
United Kingdom,2017,387367140,"1780,5145","9,836843"
United Kingdom,2018,379729760,"1755,4167","9,709338"
United Kingdom,2019,364753280,"1694,1256","9,685108"
United Kingdom,2020,326263200,"1464,4393","9,900754"
United Kingdom,2021,342365570,"1514,8533","9,571002"
United Kingdom,2022,311118000,"1494,3741","10,327710"
United Kingdom,2023,307826140,"1428,6484","10,251937"
United Kingdom,2024,312905540,"1409,6993","10,097349"
United States,1970,4339704300,"17339,51","8,540288"
United States,1971,4365483500,"17617,41","8,292050"
United States,1972,4573033500,"18469,3","8,239465"
United States,1973,4777725000,"19204,705","8,809512"
United States,1974,4608462300,"18529,32","8,739250"
United States,1975,4414455300,"17836,912","8,316025"
United States,1976,4621539000,"18878,027","8,497608"
United States,1977,4749501000,"19404,64","9,136262"
United States,1978,4897339000,"19609,377","8,607209"
United States,1979,4908766000,"19896,016","8,520663"
United States,1980,4730218500,"19084,836","9,018869"
United States,1981,4543633400,"18450,318","9,588513"
United States,1982,4311918600,"17458,037","8,404532"
United States,1983,4346381000,"17279,002","8,821347"
United States,1984,4479379500,"18177,648","8,659366"
United States,1985,4495378400,"18076,28","8,478724"
United States,1986,4498135600,"18137,033","9,373372"
United States,1987,4691930000,"18807,977","9,489453"
United States,1988,4897776000,"19633,744","9,210197"
United States,1989,4960237600,"19995,797","8,793193"
United States,1990,5131760600,"19818,104","9,467429"
United States,1991,5076412400,"19683,504","9,399900"
United States,1992,5178769400,"20088,693","8,921977"
United States,1993,5279520300,"20504,28","8,794298"
United States,1994,5361863000,"20897,715","9,263078"
United States,1995,5425837600,"21172,914","9,285535"
United States,1996,5601094000,"21887,312","8,587979"
United States,1997,5673144000,"22179,703","8,888676"
United States,1998,5736360000,"22303,105","9,862940"
United States,1999,5800281000,"22599,785","9,379478"
United States,2000,6023158000,"23225,385","9,437106"
United States,2001,5903562000,"22750,32","9,535980"
United States,2002,5947819500,"22941,4","9,616954"
United States,2003,6006440000,"23043,094","9,544662"
United States,2004,6111545000,"23500,695","9,543204"
United States,2005,6126903300,"23515,395","9,853945"
United States,2006,6045326300,"23188,213","9,965974"
United States,2007,6121542700,"23579,912","9,864370"
United States,2008,5919221000,"22797,396","8,990520"
United States,2009,5486104000,"21400,898","9,107009"
United States,2010,5669250000,"22175,387","9,511647"
United States,2011,5538973000,"21752,76","9,549898"
United States,2012,5331467300,"21191,723","10,389627"
United States,2013,5473436000,"21720,932","9,196250"
United States,2014,5531385300,"21926,422","9,448188"
United States,2015,5368496600,"21655,984","10,340372"
United States,2016,5245361700,"21417,207","10,816186"
United States,2017,5195417600,"21313,416","10,459979"
United States,2018,5361236500,"22212,854","10,083268"
United States,2019,5235912000,"21948,143","9,849836"
United States,2020,4689954000,"19944,744","10,273098"
United States,2021,5020111000,"21170,129","10,219087"
United States,2022,5055403000,"21487,639","9,867122"
United States,2023,4918406700,"21127,553","10,353625"
United States,2024,4904120000,"21166,57","10,713802"